<?xml version="1.0" encoding="UTF-8"?>
<bibliotecaDigital>
    <pelicula titulo="Bad Taste">
        <director>Peter Jackson</director>
        <fecha>1987</fecha>
        <duracion>91</duracion>
    </pelicula>
    <saga titulo="Harry Potter">
        <pelicula titulo="Harry Potter y la camara secreta">
            <director>Chris Columbus</director>
            <fecha>2002</fecha>
            <duracion>154</duracion>
            <orden>2</orden>
        </pelicula>
        <pelicula titulo="Harry Potter y la piedra filosofal">
            <director>Chris Columbus</director>
            <fecha>2001</fecha>
            <duracion>152</duracion>
            <orden>1</orden>
        </pelicula>
        <pelicula titulo="Harry Potter y el prisionero de Azkaban">
            <director>Alfonso Cuarón</director>
            <fecha>2004</fecha>
            <duracion>144</duracion>
            <orden>3</orden>
        </pelicula>
        <pelicula titulo="Harry Potter y el misterio del príncipe">
            <director>David Yates</director>
            <fecha>2009</fecha>
            <duracion>153</duracion>
            <orden>6</orden>
        </pelicula>
    </saga>
    <serie titulo="Game of Thrones">
        <capitulo temporada ="1" numero="1">
            <director>Tim Van Patten</director>
            <titulo>Winter is coming</titulo>
            <duracion>61</duracion>
            <fecha>2010</fecha>
        </capitulo>
        <capitulo temporada ="1" numero="2">
            <director>Tim Van Patten</director>
            <titulo>The Kingsroad</titulo>
            <duracion>55</duracion>
            <fecha>2010</fecha>
        </capitulo>
        <capitulo temporada ="2" numero="8">
            <director>Michelle MacLaren</director>
            <titulo>Second Sons</titulo>
            <duracion>54</duracion>
            <fecha>2011</fecha>
        </capitulo>
    </serie>
</bibliotecaDigital>